{"type": "metrics", "dataset": "train", "precision": 0.7168027503223035, "balanced_accuracy": 0.6562035243807489, "recall": 0.353015873015873, "f1_score": 0.47305728871242203}
{"type": "metrics", "dataset": "test", "precision": 0.6860809476801579, "balanced_accuracy": 0.6598391396928064, "recall": 0.3646379853095488, "f1_score": 0.47619047619047616}
{"type": "cm_matrix", "dataset": "train", "true_0": {"predicted_0": 15569, "predicted_1": 659}, "true_1": {"predicted_0": 3057, "predicted_1": 1668}}
{"type": "cm_matrix", "dataset": "test", "true_0": {"predicted_0": 6755, "predicted_1": 318}, "true_1": {"predicted_0": 1211, "predicted_1": 695}}
